,feature,dataset
0,appears_in_comics,animal_only
1,breeds_rapidly,animal_only
2,builds_nests_at_high_altitude,animal_only
3,"can_be_brown,_black,_white,_grey",animal_only
4,can_be_fed,animal_only
5,can_be_lethal_to_man,animal_only
6,can_be_taught_tricks,animal_only
7,can_eat_people,animal_only
8,can_live_for_a_long_time_without_food,animal_only
9,can_open_its_tail,animal_only
10,carries_a_ring,animal_only
11,children_like_to_catch_them,animal_only
12,collects_nuts,animal_only
13,comes_up_when_it_rains,animal_only
14,crawls_up_trees,animal_only
15,descends_from_wolves,animal_only
16,does_not_smell_well,animal_only
17,doesn't_herd,animal_only
18,eats_berries,animal_only
19,eats_food_for_fish,animal_only
20,eats_hay,animal_only
21,eats_salad,animal_only
22,external_skeleton,animal_only
23,filtrate_food_out_of_the_water_with_its_bill,animal_only
24,flies_in_formation,animal_only
25,fluffy,animal_only
26,good_sense_of_smell,animal_only
27,has_a_'collar'_in_its_neck,animal_only
28,has_a_flat_head,both
29,has_an_oval_shape,animal_only
30,has_downy_hair,animal_only
31,has_fat_legs,animal_only
32,has_gnawing_teeth,animal_only
33,has_legs,animal_only
34,has_other_name:_drosophila,animal_only
35,has_small_paws,animal_only
36,has_winter_and_summerfur,animal_only
37,in_a_terrarium,animal_only
38,"in_dutch_expression:_once_bitten,_twice_shy",animal_only
39,Indians_or_Afrikan,animal_only
40,inspiration_for_Batman,animal_only
41,is_a_prototypical_bird,animal_only
42,is_a_type_of_fly,animal_only
43,is_also_referred_to_as_eel,animal_only
44,is_coloured,animal_only
45,is_cute_when_it's_young,animal_only
46,is_difficult_to_remove_from_one's_body,animal_only
47,is_eaten_as_first-course,animal_only
48,is_female,animal_only
49,is_found_in_earth,animal_only
50,is_found_on_dogs_and_cats,animal_only
51,is_kept_by_a_pigeon_fancier,animal_only
52,is_mostly_grey_brown,animal_only
53,is_not_a_pet,animal_only
54,is_not_poisonous,animal_only
55,is_popular_and_appreciated,animal_only
56,is_seasonal,animal_only
57,is_served_as_rings_from_cephalopod,animal_only
58,is_short_haired,animal_only
59,is_spectacular,animal_only
60,is_the_main_character_in_'Flipper',animal_only
61,is_unhygienic,animal_only
62,is_used_as_food_for_reptiles,animal_only
63,is_used_to_make_cod-liver_oil,animal_only
64,it_is_sometimes_put_in_a_basket,animal_only
65,kind_of_alligator,animal_only
66,known_laying_in_supplies_for_the_winter,animal_only
67,lays_frogspawn,animal_only
68,leaves_stains_on_one's_skin,animal_only
69,likes_humidity,animal_only
70,lives_among_human_beings,animal_only
71,lives_in_a_dolfinarium,animal_only
72,lives_in_distant_countries,animal_only
73,lives_in_dry_areas,animal_only
74,lives_in_Europe,animal_only
75,long_hair,animal_only
76,looks_clumsy,animal_only
77,looks_like_a_frog,animal_only
78,looks_like_a_mosquito,animal_only
79,looks_like_a_snail,animal_only
80,loves_wood,animal_only
81,makes_ant_hills_in_sand/earth,animal_only
82,more_used_in_agriculture_in_the_past,animal_only
83,mousetrap,animal_only
84,often_used_as_guard,animal_only
85,opens_its_tail_when_it_is_scared,animal_only
86,related_to_wasp,animal_only
87,skilful_person,animal_only
88,slaughtered_as_sacrifice,animal_only
89,small_ears,animal_only
90,smaller_than_a_horse,animal_only
91,sometimes_stands_on_one_paw,animal_only
92,timid_animal,animal_only
93,uses_pollen_from_flowers,animal_only
94,vomits_pellets,animal_only
95,wags,animal_only
96,always_lands_on_its_paws,animal_only
97,as_the_saying_goes_a_snake_in_the_grass,animal_only
98,assosciated_with_wisdom,animal_only
99,bleats,animal_only
100,breaths_under_water,animal_only
101,can_be_disadvantageous_to_harvest,animal_only
102,can_be_seen_on_safaris,animal_only
103,can_be_used_in_a_salad,animal_only
104,can_do_without_water_for_long_periods,animal_only
105,can_kill_people,animal_only
106,can_sing_beautifully,animal_only
107,can_store_food_in_its_bill,animal_only
108,can_turn_his_head_very_far,animal_only
109,descend_from_the_dinosaur,animal_only
110,doesn't_have_1000_paws,animal_only
111,earths,animal_only
112,eats_frogs,animal_only
113,eats_from_flowers,animal_only
114,eats_plant_lice,animal_only
115,eats_seals,animal_only
116,especially_lives_in_the_country,animal_only
117,floats_on_water,both
118,goes_from_flower_to_flower,animal_only
119,goes_slowely,animal_only
120,grazes,animal_only
121,has_a_bill_with_a_crop,animal_only
122,has_a_head,both
123,has_a_hump_to_store_water,animal_only
124,has_a_mouth,animal_only
125,has_a_small_bill,animal_only
126,has_hierarchy,animal_only
127,has_large_front_teeth,animal_only
128,has_little_eyes,animal_only
129,has_rings,animal_only
130,has_several_gaits_ao_gallop,animal_only
131,has_warts,animal_only
132,is_beige,animal_only
133,is_blue,both
134,is_cause_for_arachnophobia,animal_only
135,is_collected,animal_only
136,is_eaten_(with_plums),animal_only
137,is_eaten_with_tomato_sauce,animal_only
138,is_found_all_around_the_world,animal_only
139,is_found_in_clothing,animal_only
140,is_found_mainly_in_southern_countries,animal_only
141,is_good_for_soil,animal_only
142,is_large_and_fat,animal_only
143,is_medium-sized,animal_only
144,is_not_expensive,both
145,is_not_good_at_flying,animal_only
146,is_pickled,animal_only
147,is_sandy-coloured,animal_only
148,is_slaughtered,animal_only
149,is_the_female_of_the_cock,animal_only
150,is_the_main_character_in_'Jaws',animal_only
151,is_used_in_fights,animal_only
152,kind_of_frog,animal_only
153,lives_in_the_primaeval_forest,animal_only
154,"long_hind_legs,_short_forelegs",animal_only
155,looks_like_a_salamander,animal_only
156,neighs,animal_only
157,neutral_scent,animal_only
158,not_friendly_with_dogs,animal_only
159,often_sits_under_a_piece_of_wood,animal_only
160,pig_nose,animal_only
161,resembles_cows,animal_only
162,resembles_humans,animal_only
163,rises_early,animal_only
164,rough,animal_only
165,short_front_legs,animal_only
166,sits_on_threads_of_electricity,animal_only
167,sleeps_on_a_stick,animal_only
168,soup_is_made_of_it,animal_only
169,term_of_abuse_(in_dutch),animal_only
170,was_used_in_medical_science_in_earlier_times,animal_only
171,when_small_piglet,animal_only
172,appears_in_the_tv-programme_Skippy,animal_only
173,associated_with_vampires,animal_only
174,attacks,animal_only
175,attic,animal_only
176,can_be_killed_with_a_fly_swatter,animal_only
177,carries_iets_child_in_a_pouch,animal_only
178,cattle-like_animal,animal_only
179,digs_holes,animal_only
180,eats_bananas,animal_only
181,eats_everything,animal_only
182,eats_fruit,animal_only
183,especially_occurs_in_the_winter,animal_only
184,gabbles,animal_only
185,gnaws_on_everything,animal_only
186,hard,animal_only
187,has_a_pungent_smell,animal_only
188,has_a_tongue,animal_only
189,has_an_eye_on_its_feathers,animal_only
190,has_big_claws_,animal_only
191,has_black_eyes,animal_only
192,has_many_teeth,animal_only
193,has_pointy_ears,animal_only
194,has_round_eyes,animal_only
195,has_several_stomachs,animal_only
196,has_sharp_claws,animal_only
197,has_suckers,animal_only
198,has_tentacles,animal_only
199,hatches_out_other_eggs,animal_only
200,hunts_chicken,animal_only
201,is_a_delicacy,animal_only
202,is_an_articulate_animal,animal_only
203,is_attracted_by_shiny_objects,animal_only
204,is_baked,animal_only
205,is_difficult_to_catch,animal_only
206,is_greasy,both
207,is_healthy,both
208,is_light,both
209,is_lithe,animal_only
210,is_not_verry_big,animal_only
211,is_often_found_on_dogs,animal_only
212,is_sold_at_the_market,animal_only
213,jumps_in_the_water,animal_only
214,laong_teeth,animal_only
215,leading_figures_in_Jurassic_Parc,animal_only
216,lies_motionless_in_the_water,animal_only
217,lives_in_nests,animal_only
218,lives_on_the_ground,animal_only
219,lives_on_the_steppe,animal_only
220,male_cow_=_bull,animal_only
221,miaows,animal_only
222,often_used_as_laboratory_animal,animal_only
223,resembles_a_worm,animal_only
224,shot_for_its_skin,animal_only
225,skeletons_in_museum,animal_only
226,sometimes_lives_in_church_towers_,animal_only
227,spring,animal_only
228,swims_upstream_to_lay_eggs,animal_only
229,swings_from_tree_to_tree,animal_only
230,tands_in_the_crib_(xmass),animal_only
231,used_as_a_draught_animal,animal_only
232,used_to_carry_around_mail,animal_only
233,usually_has_one_young_at_a_time,animal_only
234,wild_animal,animal_only
235,you_can_boil_it,animal_only
236,zebra_crossing_(pedestrian-),animal_only
237,_in_the_morning,animal_only
238,also_lives_in_the_city,animal_only
239,blows_up_its_cheeks,animal_only
240,brays,animal_only
241,can_also_refer_to_a_tent_stake,animal_only
242,can_be_a_greeting,animal_only
243,can_be_cured,animal_only
244,can_climb_up_a_wall,animal_only
245,clucks_on_trees,animal_only
246,comes_up_to_the_surface_for_air,animal_only
247,does_not_lay_eggs,animal_only
248,eats_acorns,animal_only
249,eats_chicken,animal_only
250,eats_people,animal_only
251,especially_lives_at_the_coast,animal_only
252,family_of_the_camel,animal_only
253,flat_tail,animal_only
254,fragile,animal_only
255,has_beady_eyes,animal_only
256,has_poison_fangs,animal_only
257,is_a_kind_of_bear,animal_only
258,is_aggressive,animal_only
259,is_bluish_grey,animal_only
260,is_eaten_on_Thanksgiving,animal_only
261,is_first_a_tadpole,animal_only
262,is_friendly,animal_only
263,is_good_for_the_environment,animal_only
264,is_hermaphrodite,animal_only
265,is_used_in_the_saying_'packed_like_sardines_in_a_tin',animal_only
266,is_white/brown,animal_only
267,likes_to_eat_carrots,animal_only
268,lives_in_families,animal_only
269,lives_in_the_open_air,animal_only
270,lives_outdoors,animal_only
271,looks_like_a_crocodile,animal_only
272,lots_of_hair,animal_only
273,mothballs_as_a_remedy,animal_only
274,moves_by_contracting,animal_only
275,pecks,animal_only
276,runs_in_a_mill,animal_only
277,savanne,animal_only
278,sits_on_fruit,animal_only
279,small_cows_are_calfs,animal_only
280,smells_blood,animal_only
281,some_people_are_allergic_to_it,animal_only
282,the_boss_among_the_chickens,animal_only
283,the_legs_are_eaten,animal_only
284,cackles,animal_only
285,can_be_found_in_the_ardennes,animal_only
286,chews_the_cud,animal_only
287,climbs_in_trees,animal_only
288,comes_to_the_surface_when_it_rains,animal_only
289,eats_cheese,animal_only
290,flies_high,animal_only
291,has_a_large_tail,animal_only
292,has_a_long_nose_in_the_shape_of_a_sword,animal_only
293,has_a_small_head,animal_only
294,has_ribs,animal_only
295,indians_hunted_it,animal_only
296,is_a_type_of_beetle,animal_only
297,is_an_exotic_animal,animal_only
298,is_athrodopal,animal_only
299,is_eaten_on_festive_dinners,animal_only
300,is_expensive,both
301,is_food_for_larger_animals,animal_only
302,is_found_in_warm_places,animal_only
303,is_often_released_after_a_wedding,animal_only
304,is_parasite,animal_only
305,is_red_or_black,animal_only
306,is_scary,animal_only
307,is_tinned_in_oil,animal_only
308,is_very_active,animal_only
309,lays_eggs_in_sand,animal_only
310,lies_on_the_sea-floor,animal_only
311,lives_in_a_swamp,animal_only
312,makes_a_recognizable_sound,animal_only
313,makes_a_'tok_tok'_sound,animal_only
314,protected_species,animal_only
315,seems_mean,animal_only
316,stands_in_the_stable,animal_only
317,takes_good_care_of_her_children,animal_only
318,the_female_is_brown,animal_only
319,typical_ennemy_of_a_cat,animal_only
320,used_in_research,animal_only
321,wings_run,animal_only
322,becomes_a_butterfly,animal_only
323,carries_over_diseases,animal_only
324,chirps,animal_only
325,drinks_water,animal_only
326,eats_flies,animal_only
327,eats_nectar,animal_only
328,has_a_hooked_bill,animal_only
329,has_a_pointed_snout,animal_only
330,has_a_rough_skin,animal_only
331,has_a_woollen_fur,animal_only
332,has_bright_colours,animal_only
333,has_two_ears,animal_only
334,has_young_=_cubs,animal_only
335,howls,animal_only
336,is_eaten_by_other_animals,animal_only
337,is_found_in_Belgium,animal_only
338,is_found_on_animals,animal_only
339,is_served_in_a_restaurant,animal_only
340,large_nostrils,animal_only
341,lays_eggs_in_the_nests_of_other_birds,animal_only
342,lazy,animal_only
343,lives_in_a_chicken_coop,animal_only
344,lives_in_a_hive,animal_only
345,lives_in_the_North_Sea,animal_only
346,lives_in_the_polar_regions,animal_only
347,lives_nearby_ponds,animal_only
348,looks_like_a_lizard,animal_only
349,looks_like_a_snake,animal_only
350,moos,animal_only
351,produces_blub-sound,animal_only
352,raised_by_bee-keeper,animal_only
353,resembles_camels,animal_only
354,says_heehaw,animal_only
355,swallows_its_prey_in_its_entirety,animal_only
356,waddles,animal_only
357,can_become_pest,animal_only
358,can_loose_its_tail,animal_only
359,catches_mice,animal_only
360,difficult_to_exterminate,animal_only
361,doesn't_sting,animal_only
362,extracts_nectar_from_flowers,animal_only
363,has_a_beautiful_tail,animal_only
364,has_a_red_dewlap,animal_only
365,has_a_yellow_bill,animal_only
366,has_eight_arms,animal_only
367,hides_easily,animal_only
368,intelligent,animal_only
369,is_a_type_of_whale,animal_only
370,is_afraid_of_people,animal_only
371,is_good_at_diving,animal_only
372,"is_grey,_black_and_white",animal_only
373,leaves_stings,animal_only
374,often_sits_in_parks,animal_only
375,often_sits_still,animal_only
376,prey,animal_only
377,produces_nits,animal_only
378,stubborn,animal_only
379,swims_in_rivers,animal_only
380,the_male_occurs_in_different_colours,animal_only
381,wakes_up,animal_only
382,can_be_caught,animal_only
383,can_be_filled_up,animal_only
384,can_be_won_at_a_fair,animal_only
385,can_cause_much_hinder,animal_only
386,can_purr,animal_only
387,exists_for_ages,animal_only
388,family_of_the_horse,animal_only
389,has_an_airhole,animal_only
390,has_an_udder,animal_only
391,is_a_carnivore_and_herbivore,animal_only
392,is_a_male_chicken,animal_only
393,is_bigger_than_a_chicken,animal_only
394,is_lethal,animal_only
395,is_round,both
396,is_silvery,animal_only
397,is_used_on_pizza's,animal_only
398,lives_in_caves,animal_only
399,lives_in_the_dark,animal_only
400,lives_in_tropical_waters,animal_only
401,lives_on_the_north_pole,animal_only
402,loyal,animal_only
403,prehistoric_animal,animal_only
404,roar,animal_only
405,appears_in_songs,animal_only
406,builds_dams,animal_only
407,can_be_trained,animal_only
408,can_climb_well,animal_only
409,can_see_in_the_dark,animal_only
410,crows,animal_only
411,doesn't_live_on_land,animal_only
412,eats_nuts,animal_only
413,gets_lambs,animal_only
414,has_camouflage,animal_only
415,has_long_hind_legs,animal_only
416,is_found_in_advertising_or_as_brand_,animal_only
417,is_not_eaten,animal_only
418,is_vermin,animal_only
419,is_yellow_with_brown_spots,animal_only
420,live_in_the_mountains,animal_only
421,lives_in_America,animal_only
422,lives_in_unhygienic_places,animal_only
423,makes_a_strange_noise,animal_only
424,makes_an_'oehoe'_sound,animal_only
425,makes_holes_in_trees,animal_only
426,striped,animal_only
427,comes_out_of_a_cocoon,animal_only
428,communicates_with_its_congeners,animal_only
429,cumbersome,animal_only
430,family_of_the_dog,animal_only
431,flutters,animal_only
432,has_a_horn,both
433,has_a_small_tail,animal_only
434,has_beautiful_feathers,animal_only
435,has_horns,animal_only
436,has_two_wings,animal_only
437,is_a_girl's_name,animal_only
438,is_a_symbol_for_peace,animal_only
439,is_dumb,animal_only
440,"is_grey,_brown_or_white",animal_only
441,is_initially_a_caterpillar_,animal_only
442,is_killed_by_man,animal_only
443,is_messy,animal_only
444,is_often_found_under_rocks,animal_only
445,is_smart,animal_only
446,lives_in_fields,animal_only
447,turns_in_its_shell_in_danger,animal_only
448,writhes_(twists),animal_only
449,beautiful_colours,animal_only
450,big_ears,animal_only
451,bleats.1,animal_only
452,can_be_cooked_in_different_ways,animal_only
453,can_be_dangerous,animal_only
454,compound_eyes,animal_only
455,creaks_when_killed,animal_only
456,curly_tail,animal_only
457,glides,animal_only
458,has_a_fin_on_its_back,animal_only
459,has_a_sharp_view,animal_only
460,has_peepers,animal_only
461,has_queen,animal_only
462,is_a_type_of_bee,animal_only
463,is_a_type_of_butterfly,animal_only
464,is_also_a_sharp,animal_only
465,is_found_in_the_garden,animal_only
466,kind_of_crocodile,animal_only
467,kind_of_lizard,animal_only
468,occasionally_washes_ashore,animal_only
469,skin_can_be_used_for_clothes,animal_only
470,somtimes_used_in_a_circus,animal_only
471,squirts_water_through_an_airhole,animal_only
472,sticks_its_head_into_the_ground,animal_only
473,tickles,animal_only
474,can_be_found_in_a_fish_shop,animal_only
475,eats_leaves_from_trees,animal_only
476,eats_rats_and_mice,animal_only
477,has_tusks,animal_only
478,has_white_and_black_stripes,animal_only
479,hibernates,animal_only
480,is_found_on_plants,animal_only
481,is_in_a_cuckoo_clock,animal_only
482,is_orange,animal_only
483,is_popular_among_children,animal_only
484,is_red_with_black_spots,animal_only
485,is_well_camouflaged,animal_only
486,lays_big_eggs,animal_only
487,live_alone,animal_only
488,makes_a_'coo'_sound,animal_only
489,often_becoms_a_cat's_prey,animal_only
490,predecessor_of_humans,animal_only
491,says_cuckoo,animal_only
492,shoes_and_handbags_are_made_of_it,animal_only
493,squirts_ink,animal_only
494,you_can_find_them_in_homes,animal_only
495,becomes_cocoon,animal_only
496,can_live_to_a_ripe_old_age,animal_only
497,has_a_crest,animal_only
498,has_antlers,animal_only
499,is_a_character_in_Free_Willy,animal_only
500,is_brown/black,animal_only
501,is_dangerous_to_people,animal_only
502,is_intelligent,animal_only
503,is_reddish_brow,animal_only
504,is_used_in_stewed_eels_in_chervil_sauce,animal_only
505,makes_a_sound_like_a_grunt,animal_only
506,makes_holes_in_clothing,animal_only
507,sleeps_upside_down,animal_only
508,barks,animal_only
509,graceful,animal_only
510,grey-white,animal_only
511,has_a_red_breast,animal_only
512,is_eaten_when_it's_Christmas,animal_only
513,is_elongated,both
514,is_proud,animal_only
515,"is_red,_brown",animal_only
516,is_small,both
517,king_of_animals,animal_only
518,likes_rolling_in_mud,animal_only
519,makes_not_much_noise,animal_only
520,reproduces_fast,animal_only
521,spits,animal_only
522,attaches_to_the_body,animal_only
523,bushy_tail,animal_only
524,has_whiskers,animal_only
525,is_sly,animal_only
526,is_specked,animal_only
527,lives_on_when_split_in_half,animal_only
528,makes_a_squeaky_sound,animal_only
529,often_run_over_by_cars,animal_only
530,sheared_for_wool,animal_only
531,swims_in_aquariums,animal_only
532,transferable,animal_only
533,eats_bread,animal_only
534,is_a_thief,animal_only
535,is_strong,both
536,lives_in_a_hole,animal_only
537,lives_in_australia,animal_only
538,marsupial,animal_only
539,rolls_up_in_danger,animal_only
540,swims_in_a_bowl_,animal_only
541,tasts_salty,animal_only
542,comes_up_to_light,animal_only
543,has_an_orange_bill,animal_only
544,has_long_ears,animal_only
545,is_a_salt-water_fish,animal_only
546,is_inconspicious,animal_only
547,is_used_in_competitions,animal_only
548,is_used_in_shows,animal_only
549,occurs_frequently,animal_only
550,sits_on_flowers,animal_only
551,doesn't_live_long,animal_only
552,feline,animal_only
553,has_eight_paws,animal_only
554,has_hoofs,animal_only
555,is_found_in_hair,animal_only
556,is_grisly,animal_only
557,resembles_horses,animal_only
558,thick_skin,animal_only
559,used_as_a_beast_of_burden,animal_only
560,can_be_aggressive,animal_only
561,can_talk,animal_only
562,eats_seed,animal_only
563,has_a_big_bill,animal_only
564,has_sharp_claws.1,animal_only
565,is_cold-blooded,animal_only
566,is_extinct,animal_only
567,makes_honey,animal_only
568,soft_fur,animal_only
569,adores_sweetness,animal_only
570,brings_children,animal_only
571,chirps.1,animal_only
572,does_not_migrate_in_the_winter,animal_only
573,eats_mice,animal_only
574,has_a_big_mouth,animal_only
575,is_a_scavenging_animal,animal_only
576,is_found_in_a_pond,animal_only
577,is_funny,animal_only
578,is_red,both
579,lives_in_a_damp_climate,animal_only
580,makes_an_extremely_irritating_sound,animal_only
581,strangles_its_prey,animal_only
582,eats_small_animals,animal_only
583,has_a_hunch,animal_only
584,has_a_trunk,animal_only
585,is_not_very_popular_among_man,animal_only
586,is_tinned,animal_only
587,lives_by_the_sea,animal_only
588,sheds_its_skin,animal_only
589,shy,animal_only
590,can_be_bred,animal_only
591,has_large_theeth,animal_only
592,has_manes,animal_only
593,is_terrifying,animal_only
594,lives_in_the_jungle,animal_only
595,lives_on_land__,animal_only
596,strong_animal,animal_only
597,eats_grain,animal_only
598,eats_plankton,animal_only
599,gives_pain,animal_only
600,has_a_split_tongue,animal_only
601,has_eyes,animal_only
602,has_large_eyes,animal_only
603,has_teeth,both
604,lives_in_cold_areas,animal_only
605,makes_web,animal_only
606,does_not_taste_well,animal_only
607,has_a_sting,animal_only
608,is_fin-footed,animal_only
609,is_sometimes_eaten_by_man,animal_only
610,is_sweet_,animal_only
611,has_a_large_wingspread,animal_only
612,has_short_paws,animal_only
613,has_two_eyes,animal_only
614,lives_in_the_ocean,animal_only
615,lives_under_the_ground,animal_only
616,gives_milk,animal_only
617,is_not_dangerous,animal_only
618,stands_in_meadows,animal_only
619,can't_fly,animal_only
620,cartoon_figure,animal_only
621,has_many_paws,animal_only
622,has_prickles,animal_only
623,incites_fear,animal_only
624,is_exterminated,animal_only
625,is_rare,both
626,lives_in_nature,animal_only
627,small_and_large_kinds,animal_only
628,doesn't_live_in_our_country,animal_only
629,has_a_long_bill,animal_only
630,is_smooth,animal_only
631,lives_on_land_and_sea,animal_only
632,hunts,animal_only
633,lives_in_grass,animal_only
634,lives_in_tropical_areas,animal_only
635,rodent,animal_only
636,dark_colour,animal_only
637,frightens_people,animal_only
638,is_pink,animal_only
639,occasionally_occurs_in_films,animal_only
640,feels_soft,animal_only
641,has_a_fur_(in_dutch:_vacht),animal_only
642,has_no_paws,animal_only
643,is_slimy,animal_only
644,is_ugly,both
645,makes_a_sharp_sound,animal_only
646,sings,animal_only
647,is_a_migratory_bird,animal_only
648,is_an_amphibian,animal_only
649,takes_on_the_colour_of_its_surroundings,animal_only
650,doesn't_make_a_sound,animal_only
651,has_a_long_tongue,animal_only
652,is_eaten_by_birds,animal_only
653,can_be_poisonous,animal_only
654,eats_worms,animal_only
655,has_claws,animal_only
656,lives_in_the_desert,animal_only
657,lives_nearby_the_water,animal_only
658,makes_a_hissing_noise,animal_only
659,is_poisonous,animal_only
660,is_thik,animal_only
661,lives_in_a_herd,animal_only
662,you_can_ride_on_it,animal_only
663,has_bones,animal_only
664,sings_(whistles),animal_only
665,appears_in_fairy_tales_and_stories,animal_only
666,yellow,animal_only
667,has_legs.1,animal_only
668,is_a_freshwater_fish,animal_only
669,is_a_bird_of_prey,animal_only
670,lives_in_the_wild,animal_only
671,has_a_pointed_mouth,animal_only
672,does_not_live_in_Belgium,animal_only
673,heavy,animal_only
674,lives_on_a_farm,animal_only
675,is_cute,animal_only
676,is_irritating,animal_only
677,quacks,animal_only
678,makes_a_lot_of_clamor,animal_only
679,sucks_blood,animal_only
680,bites,animal_only
681,can_jump_far,animal_only
682,eats_grass,animal_only
683,hairy,animal_only
684,is_yellow_and_black,animal_only
685,exists_in_different_sizes_and_kinds,animal_only
686,causes_itching,animal_only
687,is_slow,animal_only
688,is_green-brown,animal_only
689,kind_of_snake,animal_only
690,has_feelers,animal_only
691,is_an_animal_of_prey,animal_only
692,lives_in_trees,animal_only
693,lives_in_a_cage,animal_only
694,is_flat,both
695,jumps,animal_only
696,makes_a_sound,animal_only
697,can_have_different_colors,animal_only
698,has_long_paws,animal_only
699,runs_fast,animal_only
700,the_meat_is_eaten,animal_only
701,has_a_long_neck,animal_only
702,stinks,both
703,is_hunted,animal_only
704,lives_in_warm_countries,animal_only
705,has_a_shield,animal_only
706,has_a_long_tail,animal_only
707,buzzes,animal_only
708,crawls,animal_only
709,has_many_colours,animal_only
710,has_six_paws,animal_only
711,is_beautiful,both
712,nocturnal_animal,animal_only
713,is_a_carnivore,animal_only
714,is_long,both
715,endangered_species,animal_only
716,eats_plants,animal_only
717,is_slippery,both
718,seen_mainly_in_summer,animal_only
719,is_nasty,animal_only
720,stings,animal_only
721,lives_in_Africa,animal_only
722,is_black_and_white,both
723,is_fished_for,animal_only
724,has_sharp_teeth,animal_only
725,is_fast,animal_only
726,is_tasty,animal_only
727,there_are_many_kinds_of_it,animal_only
728,eats_insects,animal_only
729,builds_nests,animal_only
730,has_two_paws,animal_only
731,has_gills,animal_only
732,has_fins,animal_only
733,is_white,both
734,lives_in_the_woods,animal_only
735,is_a_reptile,animal_only
736,eats_fish,animal_only
737,has_a_bill,animal_only
738,can_swim,animal_only
739,is_a_pet,animal_only
740,is_black,both
741,herds,animal_only
742,has_scales,animal_only
743,lives_in_the_zoo,animal_only
744,has_a_tail,both
745,lives_in_the_sea,animal_only
746,is_green,both
747,has_feathers,animal_only
748,is_dangerous,both
749,is_grey,both
750,has_four_paws,animal_only
751,is_edible,animal_only
752,lives_in_water,animal_only
753,has_wings,both
754,is_brown,both
755,lays_eggs,animal_only
756,is_a_fish,animal_only
757,mammal,animal_only
758,is_an_insect,animal_only
759,can_fly,animal_only
760,is_big,both
761,is_an_animal,animal_only
762,is_a_bird,animal_only
763,is_small.1,animal_only
764,a_kind_of_thumbtack,artifacts_only
765,a_synonym_is_'schuiftrompet',artifacts_only
766,accompagnies_(other)_music,artifacts_only
767,also_called_crowbar,artifacts_only
768,also_used_as_a_toy,artifacts_only
769,are_a_sort_of_shoes,artifacts_only
770,are_swimming_trunks_for_men,artifacts_only
771,are_underpants,artifacts_only
772,arrives_in_a_port,artifacts_only
773,associated_with_kilt,artifacts_only
774,baked_in_an_oven,artifacts_only
775,be_used_to_hit_nails_into_the_wall,artifacts_only
776,belongs_to_a_harnas,artifacts_only
777,belongs_to_a_horse,artifacts_only
778,belongs_to_De_lijn_(public_transportation_firm_in_Flanders),artifacts_only
779,belongs_to_knife_and_fork,artifacts_only
780,belongs_with_sportshoes,artifacts_only
781,boils_water,artifacts_only
782,both_hands_and_feet_are_used,artifacts_only
783,both_large_and_small,artifacts_only
784,bought_in_a_shoe_store,artifacts_only
785,bought_in_a_store,artifacts_only
786,bought_in_an_underwear_store,artifacts_only
787,can_be_a_rainbow,artifacts_only
788,can_be_a_status_symbol,artifacts_only
789,can_be_a_wound_:_abrasion,artifacts_only
790,can_be_acoustic,artifacts_only
791,can_be_automatized,artifacts_only
792,can_be_bought_everywhere,artifacts_only
793,can_be_bought_in_sports_store,artifacts_only
794,can_be_brought_to_the_beach,artifacts_only
795,can_be_carried,artifacts_only
796,can_be_carried_backwards,artifacts_only
797,can_be_carried_by_anyone,artifacts_only
798,can_be_coloured,artifacts_only
799,can_be_connected_to_a_car,artifacts_only
800,can_be_connected_to_an_amplifier,artifacts_only
801,can_be_decorated,artifacts_only
802,can_be_digital,artifacts_only
803,can_be_dishwashed,artifacts_only
804,can_be_electronic,artifacts_only
805,can_be_found_around_your_fingers,artifacts_only
806,can_be_found_in_a_forest,artifacts_only
807,can_be_found_in_a_garage,artifacts_only
808,can_be_found_on_a_camping,artifacts_only
809,can_be_found_on_a_castle,artifacts_only
810,can_be_hanged_on_the_nose,artifacts_only
811,can_be_held,artifacts_only
812,can_be_knit_by_yourself,artifacts_only
813,can_be_knotted,artifacts_only
814,can_be_luxurious,artifacts_only
815,can_be_made_of_different_materials,artifacts_only
816,can_be_made_of_different_tissues,artifacts_only
817,can_be_manufactured_by_yourself,artifacts_only
818,can_be_opened,artifacts_only
819,can_be_operated_from_the_age_of_16,artifacts_only
820,can_be_operated_from_the_age_of_18,artifacts_only
821,can_be_played_on,artifacts_only
822,can_be_played_upon,artifacts_only
823,can_be_plunked_upon,artifacts_only
824,can_be_printed_with_a_design,artifacts_only
825,can_be_seen_on_television,artifacts_only
826,can_be_something_at_a_door,artifacts_only
827,can_be_thick_or_thin,artifacts_only
828,can_be_tuned,artifacts_only
829,can_be_turned,artifacts_only
830,can_be_used_as_a_heater,artifacts_only
831,can_be_used_as_weapon,artifacts_only
832,can_be_used_by_anyone,artifacts_only
833,can_be_used_for_stirring,artifacts_only
834,can_be_used_on_two_sides,artifacts_only
835,can_be_used_several_times,artifacts_only
836,can_be_used_to_beat_egg_white,artifacts_only
837,can_be_used_to_cut_nails,artifacts_only
838,can_be_used_to_hang_something_from,artifacts_only
839,can_be_used_to_hang_up_something,artifacts_only
840,can_be_used_to_hit_somebody,artifacts_only
841,can_be_used_to_lash,artifacts_only
842,can_be_used_to_make_milkshake_with,artifacts_only
843,can_be_used_to_polish_nails,artifacts_only
844,can_be_used_to_prick_with,artifacts_only
845,can_be_used_to_put_something_in,artifacts_only
846,can_be_used_to_sharpen_knives,artifacts_only
847,can_be_used_to_sweep,artifacts_only
848,can_be_used_to_threaten_somebody,artifacts_only
849,can_be_worn_as_ornament,artifacts_only
850,can_be_worn_underneath_other_clothes,artifacts_only
851,can_be_written_on,artifacts_only
852,can_be_written_on_with_chalk,artifacts_only
853,can_become_dirty,artifacts_only
854,can_break,artifacts_only
855,can_break.1,artifacts_only
856,can_break_stuff_open,artifacts_only
857,can_burn_something_in_cooking,artifacts_only
858,can_burn_you,artifacts_only
859,can_crash,artifacts_only
860,can_cut_you,artifacts_only
861,can_defrost_food,artifacts_only
862,can_drive_on_rough_roads,artifacts_only
863,can_explode,artifacts_only
864,can_get_rusty,artifacts_only
865,can_go_in_dishwasher,artifacts_only
866,can_go_into_the_washing-machine,artifacts_only
867,can_grill_two_sandwiches_at_once,artifacts_only
868,can_harm,artifacts_only
869,can_have_a_container_,artifacts_only
870,can_have_cymbals,artifacts_only
871,can_have_sequins,artifacts_only
872,can_hold_water,artifacts_only
873,can_hurt,artifacts_only
874,can_hurt_you,artifacts_only
875,can_injure,artifacts_only
876,can_mimic_different_instruments,artifacts_only
877,can_produce_different_tones_at_once,artifacts_only
878,can_produce_steam,artifacts_only
879,can_save_lifes,artifacts_only
880,can_sink,artifacts_only
881,can_slide,artifacts_only
882,can_sound_out_of_tune,artifacts_only
883,can_stand_in_queue,artifacts_only
884,can_work_as_defence,artifacts_only
885,can't_be_worn_in_the_church,artifacts_only
886,causes_accidents,artifacts_only
887,causes_explosion,artifacts_only
888,causes_traffic_jams,artifacts_only
889,checkered,artifacts_only
890,classical_instrument,artifacts_only
891,classical_music,artifacts_only
892,clips_together,artifacts_only
893,closes_with_cork,artifacts_only
894,comes_in_different_brands_and_models,artifacts_only
895,comes_in_different_lengths,artifacts_only
896,comes_in_different_patterns,artifacts_only
897,comes_in_different_prints,artifacts_only
898,comes_in_very_handy,artifacts_only
899,comes_in_very_handy_when_trying_to_avoid_a_traffic_jam,artifacts_only
900,consists_of_a_shirt,artifacts_only
901,consists_of_a_vest,artifacts_only
902,consists_of_different_parts,artifacts_only
903,consists_of_pants_and_sweater,artifacts_only
904,consists_of_two_parts,artifacts_only
905,constitutes_a_whole,artifacts_only
906,contains_a_beverage,artifacts_only
907,contains_bullets,artifacts_only
908,contains_different_curved_bars,artifacts_only
909,contains_liquid,artifacts_only
910,contains_rice,artifacts_only
911,costs_a_lot_of_money,artifacts_only
912,costs_money,artifacts_only
913,could_be_an_animal,artifacts_only
914,creates_a_good_atmosphere,artifacts_only
915,damages_delicate_surfaces,artifacts_only
916,decorated_with_feathers,artifacts_only
917,destroys,artifacts_only
918,does_not_melt_in_high_temperature,artifacts_only
919,does_not_produce_sound,artifacts_only
920,does_not_weigh_much,artifacts_only
921,does_up_at_the_back,artifacts_only
922,don't_have_openings_between_fingers,artifacts_only
923,drawn_by_a_tractor,artifacts_only
924,driven_by_1_person,artifacts_only
925,driven_by_a_coachman,artifacts_only
926,driven_by_a_troley_driver,artifacts_only
927,driven_by_a_truck_driver,artifacts_only
928,driven_by_an_engine_driver,artifacts_only
929,drivers_licence_not_required,artifacts_only
930,drives_above_the_ground,artifacts_only
931,drives_on_a_highway,artifacts_only
932,drives_on_a_road,artifacts_only
933,drives_on_fields,artifacts_only
934,drives_on_land,artifacts_only
935,drives_under_ground,artifacts_only
936,een_example_is_the_piccolo,artifacts_only
937,emits_fire_at_the_bottom,artifacts_only
938,emits_smoke,artifacts_only
939,especially_played_by_older_people,artifacts_only
940,especially_used_by_boys,artifacts_only
941,especially_used_by_women,artifacts_only
942,especially_used_for_vegetables,artifacts_only
943,especially_used_with_nice_weather,artifacts_only
944,everybody_has_it,artifacts_only
945,exists_in_different_brands,artifacts_only
946,exists_in_different_colors,artifacts_only
947,exists_in_different_colors_and_different_forms,artifacts_only
948,exists_in_different_forms,artifacts_only
949,exists_in_different_kinds,artifacts_only
950,exists_in_different_lengths,artifacts_only
951,exists_in_different_materials,artifacts_only
952,exists_in_different_measurements,artifacts_only
953,exists_in_different_sizes,artifacts_only
954,exists_in_different_sizes.1,artifacts_only
955,exists_in_different_thicknesses,artifacts_only
956,exists_in_different_tube_lengths,artifacts_only
957,exists_in_different_types,artifacts_only
958,exists_in_pairs,artifacts_only
959,facilitates_removal_of_wallpaper,artifacts_only
960,featured_in_a_brass_band,artifacts_only
961,featured_in_a_Luc_Steeno_song,artifacts_only
962,featured_in_an_orchestra,artifacts_only
963,featured_in_Cinderella,artifacts_only
964,featured_in_Tintin,artifacts_only
965,feels_rough,artifacts_only
966,fires_torpedos,artifacts_only
967,flies,artifacts_only
968,flies_high_in_the_sky,artifacts_only
969,flies_in_the_sky,artifacts_only
970,flies_low,artifacts_only
971,floats,artifacts_only
972,for_fancy_occasions,artifacts_only
973,for_sale_in_a_music_shop,artifacts_only
974,forces_locks,artifacts_only
975,found_in_a_tool_box,artifacts_only
976,gets_warm,artifacts_only
977,gives_a_businesslike_impression,artifacts_only
978,gives_a_nasty_sound,artifacts_only
979,gives_a_recoil,artifacts_only
980,gives_warmth,artifacts_only
981,goes_down_to_great_depth,artifacts_only
982,goes_fast,artifacts_only
983,goes_slow,artifacts_only
984,hangs_around_the_neck/shoulders,artifacts_only
985,hangs_from_a_rope,artifacts_only
986,Harley_Davidson_is_a_brand,artifacts_only
987,has_(trousers)legs,artifacts_only
988,has_2_or_4_wheels,artifacts_only
989,has_2_wheels,artifacts_only
990,has_4_wheels,artifacts_only
991,has_4x4_drive,artifacts_only
992,has_a_bag,artifacts_only
993,has_a_bag_of_air,artifacts_only
994,has_a_barrel,artifacts_only
995,has_a_basket,artifacts_only
996,has_a_bed,artifacts_only
997,has_a_bell,artifacts_only
998,has_a_blade,artifacts_only
999,has_a_brake,artifacts_only
1000,has_a_brake_in_the_back,artifacts_only
1001,has_a_buckle,artifacts_only
1002,has_a_burner,artifacts_only
1003,has_a_button,artifacts_only
1004,has_a_cabin,artifacts_only
1005,has_a_cap,artifacts_only
1006,has_a_cap.1,artifacts_only
1007,has_a_clear_sound,artifacts_only
1008,has_a_clock,artifacts_only
1009,has_a_collar,artifacts_only
1010,has_a_complex_shape,artifacts_only
1011,has_a_conductor,artifacts_only
1012,has_a_cooker_hood,artifacts_only
1013,has_a_cross_or_flat_shape,artifacts_only
1014,has_a_dark_color,artifacts_only
1015,has_a_dead_corner,artifacts_only
1016,has_a_deep_sound,artifacts_only
1017,has_a_driver,artifacts_only
1018,has_a_dull_sound,artifacts_only
1019,has_a_filter,artifacts_only
1020,has_a_freezing_compartment,artifacts_only
1021,has_a_fuse/taper,artifacts_only
1022,has_a_griddle,artifacts_only
1023,has_a_grillfunction,artifacts_only
1024,has_a_grip,artifacts_only
1025,has_a_grip_made_of_plastic,artifacts_only
1026,has_a_grip_made_of_wood,artifacts_only
1027,has_a_handle,artifacts_only
1028,has_a_heavy_engine,artifacts_only
1029,has_a_helm,artifacts_only
1030,has_a_hole,artifacts_only
1031,has_a_hose,artifacts_only
1032,has_a_keyboard,artifacts_only
1033,has_a_khaki_colour,artifacts_only
1034,has_a_kitchen,artifacts_only
1035,has_a_label,artifacts_only
1036,has_a_lid,artifacts_only
1037,has_a_lid.1,artifacts_only
1038,has_a_little_air_bubble,artifacts_only
1039,has_a_little_door,artifacts_only
1040,has_a_little_lamp,artifacts_only
1041,has_a_loading_space,artifacts_only
1042,has_a_looking_window,artifacts_only
1043,has_a_matching_bonnet,artifacts_only
1044,has_a_metal_blade,artifacts_only
1045,has_a_metal_head,artifacts_only
1046,has_a_metallic_color,artifacts_only
1047,has_a_motor,artifacts_only
1048,has_a_mouthpiece,artifacts_only
1049,has_a_neck,artifacts_only
1050,has_a_negative_connotation,artifacts_only
1051,has_a_nozzle,artifacts_only
1052,has_a_periscope,artifacts_only
1053,has_a_pin,artifacts_only
1054,has_a_place_to_sleep,artifacts_only
1055,has_a_plain_color,artifacts_only
1056,has_a_plug,artifacts_only
1057,has_a_point,artifacts_only
1058,has_a_problem_of_scale,artifacts_only
1059,has_a_propellor,artifacts_only
1060,has_a_roof_or_no_roof,artifacts_only
1061,has_a_saddle,artifacts_only
1062,has_a_sail,artifacts_only
1063,has_a_sharp_edge,artifacts_only
1064,has_a_sharp_point,artifacts_only
1065,has_a_shrill_sound,artifacts_only
1066,has_a_skin,artifacts_only
1067,has_a_sliding_door,artifacts_only
1068,has_a_smoking_and_non-smoking_space,artifacts_only
1069,has_a_soft_sound,artifacts_only
1070,has_a_sound_bell,artifacts_only
1071,has_a_sound_box_,artifacts_only
1072,has_a_spare_wheel_in_the_back,artifacts_only
1073,has_a_speed_restriction,artifacts_only
1074,has_a_spike_at_its_base,artifacts_only
1075,has_a_steering_wheel,artifacts_only
1076,has_a_stick,artifacts_only
1077,has_a_straw,artifacts_only
1078,has_a_striking_color,artifacts_only
1079,has_a_tachometer,artifacts_only
1080,has_a_'TAXI'_plate_on_car,artifacts_only
1081,has_a_temperature_switch,artifacts_only
1082,has_a_timer,artifacts_only
1083,has_a_trailer,artifacts_only
1084,has_a_trigger,artifacts_only
1085,has_a_turning_button,artifacts_only
1086,has_a_turtleneck,artifacts_only
1087,has_a_V-neck,artifacts_only
1088,has_a_warm_sound,artifacts_only
1089,has_a_wicker_basket,artifacts_only
1090,has_a_wire,artifacts_only
1091,has_a_wire.1,artifacts_only
1092,has_a_wooden_handle,artifacts_only
1093,has_a_Y-shape,artifacts_only
1094,has_a_zipper,artifacts_only
1095,has_an_anchor,artifacts_only
1096,has_an_elastic_rubber,artifacts_only
1097,has_an_indicator,artifacts_only
1098,has_an_on/off_switch,artifacts_only
1099,has_an_oven_most_of_the_time,artifacts_only
1100,has_at_least_4_wheels,artifacts_only
1101,has_automatic_doors,artifacts_only
1102,has_bags,artifacts_only
1103,has_baking_trays,artifacts_only
1104,has_been_existing_for_a_long_time,artifacts_only
1105,has_Belgian_inventor,artifacts_only
1106,has_big_tires,artifacts_only
1107,has_big_wheeles,artifacts_only
1108,has_black_and_white_keys,artifacts_only
1109,has_black_keys,artifacts_only
1110,has_bright_colors,artifacts_only
1111,has_buttons,artifacts_only
1112,has_buttons.1,artifacts_only
1113,has_canonballs,artifacts_only
1114,has_caterpillar_treads,artifacts_only
1115,has_different_additional_parts,artifacts_only
1116,has_different_bits_(drilling),artifacts_only
1117,has_different_compartments,artifacts_only
1118,has_different_lengths,artifacts_only
1119,has_different_patterns,artifacts_only
1120,has_different_patterns.1,artifacts_only
1121,has_different_positions,artifacts_only
1122,has_doors,artifacts_only
1123,has_drums,artifacts_only
1124,has_electrical_wiring_on_the_top,artifacts_only
1125,has_first_and_second_class,artifacts_only
1126,has_floral_design,artifacts_only
1127,has_gears,artifacts_only
1128,has_gone_through_a_technological_revolution,artifacts_only
1129,has_great_power,artifacts_only
1130,has_hairs,artifacts_only
1131,has_holes,artifacts_only
1132,has_iron_on_the_bottom,artifacts_only
1133,has_knifes,artifacts_only
1134,has_laces,artifacts_only
1135,has_lights,artifacts_only
1136,has_little_bells_all_round,artifacts_only
1137,has_long_(trousers)legs,artifacts_only
1138,has_long_sleeves,artifacts_only
1139,has_many_buttons,artifacts_only
1140,has_matching_briefs,artifacts_only
1141,has_matching_gloves,artifacts_only
1142,has_nice_figures_on_it,artifacts_only
1143,has_no_engine,artifacts_only
1144,has_no_roof,artifacts_only
1145,has_no_smell,artifacts_only
1146,has_no_taste,artifacts_only
1147,has_non-stick_coating,artifacts_only
1148,has_pants_as_component,artifacts_only
1149,has_patterns,artifacts_only
1150,has_pedals,artifacts_only
1151,has_poles_to_hold_on_to,artifacts_only
1152,has_priority_(right_of_way)_in_traffic,artifacts_only
1153,has_ribbons,artifacts_only
1154,has_ribbons.1,artifacts_only
1155,has_sandbags,artifacts_only
1156,has_seats,artifacts_only
1157,has_short_(trousers)legs,artifacts_only
1158,has_short_sleeves,artifacts_only
1159,has_sleeves,artifacts_only
1160,has_small_wheels,artifacts_only
1161,has_small_windows,artifacts_only
1162,has_smell_of_gasoline,artifacts_only
1163,has_snares,artifacts_only
1164,has_stinking_fumes,artifacts_only
1165,has_straps,artifacts_only
1166,has_suspenders,artifacts_only
1167,has_the_name_of_a_company_printed_on_it,artifacts_only
1168,has_thick_tires,artifacts_only
1169,has_tires,artifacts_only
1170,has_to_be_preheated,artifacts_only
1171,has_to_be_put_in_socket,artifacts_only
1172,has_to_be_put_on_your_shoulder,artifacts_only
1173,has_to_be_replaced_on_a_daily_basis,artifacts_only
1174,has_to_be_sharpened_sometimes,artifacts_only
1175,has_to_be_tuned,artifacts_only
1176,has_to_be_washed_after_use,artifacts_only
1177,has_to_do_with_fire,artifacts_only
1178,has_to_do_with_nails,artifacts_only
1179,has_to_do_with_trees,artifacts_only
1180,has_to_do_with_walls,artifacts_only
1181,has_to_do_with_wood,artifacts_only
1182,has_tuning_forks,artifacts_only
1183,has_two_(trousers)legs,artifacts_only
1184,has_two_handles,artifacts_only
1185,has_two_keyboards,artifacts_only
1186,has_two_legs,artifacts_only
1187,has_two_openings_to_put_your_fingers_in,artifacts_only
1188,has_two_sleeves,artifacts_only
1189,has_two_slots,artifacts_only
1190,has_two_straps,artifacts_only
1191,has_wagons,artifacts_only
1192,has_wheels,artifacts_only
1193,has_white_keys,artifacts_only
1194,has_windows,artifacts_only
1195,hasn't_been_existing_for_such_a_long_time,artifacts_only
1196,have_a_sole,artifacts_only
1197,have_heels,artifacts_only
1198,hits_persons_(while_driving),artifacts_only
1199,hung_on_hallstand,artifacts_only
1200,I_never_use_it,artifacts_only
1201,implement/tool,artifacts_only
1202,in_in_style,artifacts_only
1203,indicates_the_rhythm,artifacts_only
1204,invented_by_Adolphe_Sax,artifacts_only
1205,is_a_basic_tool,artifacts_only
1206,is_a_board,artifacts_only
1207,is_a_board_on_wheels,artifacts_only
1208,is_a_boat,artifacts_only
1209,is_a_brass_player,artifacts_only
1210,is_a_car,artifacts_only
1211,is_a_car.1,artifacts_only
1212,is_a_collector's_item,artifacts_only
1213,is_a_constellation,artifacts_only
1214,is_a_difficult_instrument,artifacts_only
1215,is_a_garment,artifacts_only
1216,is_a_gun,artifacts_only
1217,is_a_handtool,artifacts_only
1218,is_a_home_appliance,artifacts_only
1219,is_a_house_on_wheels,artifacts_only
1220,is_a_kind_of_public_transport,artifacts_only
1221,is_a_knife,artifacts_only
1222,is_a_lever,artifacts_only
1223,is_a_little_house,artifacts_only
1224,is_a_long_rod,artifacts_only
1225,is_a_lorry,artifacts_only
1226,is_a_luxury_article,artifacts_only
1227,is_a_machine,artifacts_only
1228,is_a_machine.1,artifacts_only
1229,is_a_material,artifacts_only
1230,is_a_means_of_power,artifacts_only
1231,is_a_means_of_transport_,artifacts_only
1232,is_a_means_of_transportation,artifacts_only
1233,is_a_measuring_instrument,artifacts_only
1234,is_a_motorized_bicycle,artifacts_only
1235,is_a_musical_instrument,artifacts_only
1236,is_a_pair_of_trousers,artifacts_only
1237,is_a_percussion_instrument,artifacts_only
1238,is_a_piece_of_equipment,artifacts_only
1239,is_a_piece_of_music,artifacts_only
1240,is_a_popular_instrument,artifacts_only
1241,is_a_safety_belt_for_in_a_car,artifacts_only
1242,is_a_sort_of_pan,artifacts_only
1243,is_a_sort_of_piano,artifacts_only
1244,is_a_sort_of_violin,artifacts_only
1245,is_a_string_instrument,artifacts_only
1246,is_a_string_instrument_with_a_bow,artifacts_only
1247,is_a_synonym_for_horse-sleigh,artifacts_only
1248,is_a_technological_tour_de_force,artifacts_only
1249,is_a_television_programme,artifacts_only
1250,is_a_tool,artifacts_only
1251,is_a_toy,artifacts_only
1252,is_a_vehicle,artifacts_only
1253,is_a_verhicle_on_water,artifacts_only
1254,is_a_Western_utensil,artifacts_only
1255,is_a_wind_instrument,artifacts_only
1256,is_a_wind_instrument.1,artifacts_only
1257,is_a_woodwinds,artifacts_only
1258,is_agressive,artifacts_only
1259,is_airy,artifacts_only
1260,is_also_available_as_a_mower_you_can_sit_upon,artifacts_only
1261,is_always_part_of_a_band,artifacts_only
1262,is_an_agressive_person,artifacts_only
1263,is_an_English_word,artifacts_only
1264,is_an_instrument_of_the_Greek_god_Pan,artifacts_only
1265,is_an_object,artifacts_only
1266,is_an_old_instrument,artifacts_only
1267,is_asian,artifacts_only
1268,is_available_for_each_price_range,artifacts_only
1269,is_awkward,artifacts_only
1270,is_beam-shaped,artifacts_only
1271,is_bent,artifacts_only
1272,is_big_and_heavy,artifacts_only
1273,is_big_or_small,artifacts_only
1274,is_bigger_than_a_car,artifacts_only
1275,is_bloody,artifacts_only
1276,is_blown__,artifacts_only
1277,is_blown_away_by_the_wind,artifacts_only
1278,is_blue-grey,artifacts_only
1279,is_braided,artifacts_only
1280,is_busy,artifacts_only
1281,is_carried_by_the_Seven_Dwarfs,artifacts_only
1282,is_cheap,artifacts_only
1283,is_chic,artifacts_only
1284,is_clothing,artifacts_only
1285,is_cold,artifacts_only
1286,is_colourful,artifacts_only
1287,is_comfortable,artifacts_only
1288,is_comfortable.1,artifacts_only
1289,is_cool,artifacts_only
1290,is_crockery,artifacts_only
1291,is_curved,artifacts_only
1292,is_cylindrical,artifacts_only
1293,is_dangerous_for_children,artifacts_only
1294,is_dangerous_for_the_fingers,artifacts_only
1295,is_dangerous_in_traffic,artifacts_only
1296,is_deep,artifacts_only
1297,is_derived_from_a__verb,artifacts_only
1298,is_dirty,artifacts_only
1299,is_drawn_by_dogs,artifacts_only
1300,is_drawn_by_horses,artifacts_only
1301,is_drawn_by_reindeer,artifacts_only
1302,is_driven_in_by_a_hammer,artifacts_only
1303,is_durable,artifacts_only
1304,is_easy,artifacts_only
1305,is_easy_to_play,artifacts_only
1306,is_easy_to_wash,artifacts_only
1307,is_easy_to_work_with,artifacts_only
1308,is_efficient,artifacts_only
1309,is_environmentally_friendly,artifacts_only
1310,is_fairly_unknown,artifacts_only
1311,is_fashionable,artifacts_only
1312,is_faster_than_a_bycicle,artifacts_only
1313,is_feminine,artifacts_only
1314,is_filled_with_hot_air,artifacts_only
1315,is_firm,artifacts_only
1316,is_flat_in_the_front,artifacts_only
1317,is_for_1_person,artifacts_only
1318,is_for_2_people,artifacts_only
1319,"is_for_a_bike,_car,_etc.",artifacts_only
1320,is_for_all_ages,artifacts_only
1321,is_for_at_least_1_person,artifacts_only
1322,is_for_dignified_occasions,artifacts_only
1323,is_for_few_persons,artifacts_only
1324,is_for_fun,artifacts_only
1325,is_for_multiple_persons,artifacts_only
1326,is_for_sturdy_guys,artifacts_only
1327,is_forbidden,artifacts_only
1328,is_found_in_a_boat,artifacts_only
1329,is_found_in_a_museum,artifacts_only
1330,is_found_in_a_workplace,artifacts_only
1331,is_fragile,artifacts_only
1332,is_from_the_stone_age,artifacts_only
1333,is_fun_,artifacts_only
1334,is_fun_to_wear,artifacts_only
1335,is_functional,artifacts_only
1336,is_given_a_present,artifacts_only
1337,is_golden,artifacts_only
1338,is_gracefull,artifacts_only
1339,is_half_a_circle,artifacts_only
1340,is_handy_for_prisoners,artifacts_only
1341,is_handy_to_transport,artifacts_only
1342,is_hard,artifacts_only
1343,is_hard_to_drive,artifacts_only
1344,is_hard_to_iron,artifacts_only
1345,is_hard_to_learn_to_use_it,artifacts_only
1346,is_hard_to_wash,artifacts_only
1347,is_hard_to_work_with,artifacts_only
1348,is_heat_resistant,artifacts_only
1349,is_heavy,artifacts_only
1350,is_hollow,artifacts_only
1351,is_horizontal,artifacts_only
1352,is_hygienic,artifacts_only
1353,is_illegal,artifacts_only
1354,is_invented_by_man,artifacts_only
1355,is_invented_in_England,artifacts_only
1356,is_ironed,artifacts_only
1357,is_knit_by_your_grandma,artifacts_only
1358,is_knitted,artifacts_only
1359,is_launched,artifacts_only
1360,is_lifeless,artifacts_only
1361,is_lingerie,artifacts_only
1362,is_loaded,artifacts_only
1363,is_long_and_narrow,artifacts_only
1364,is_loose,artifacts_only
1365,is_loud,artifacts_only
1366,is_made_from_a_tree,artifacts_only
1367,is_made_in_a_factory,artifacts_only
1368,is_made_in_a_light_fabric,artifacts_only
1369,is_made_of_a_branch,artifacts_only
1370,is_made_of_bamboo,artifacts_only
1371,is_made_of_china,artifacts_only
1372,is_made_of_clay,artifacts_only
1373,is_made_of_copper,artifacts_only
1374,is_made_of_cotton,artifacts_only
1375,is_made_of_elastic_fabric,artifacts_only
1376,is_made_of_fabric,artifacts_only
1377,is_made_of_felt,artifacts_only
1378,is_made_of_glass,artifacts_only
1379,is_made_of_iron,artifacts_only
1380,is_made_of_jeans,artifacts_only
1381,is_made_of_leather,artifacts_only
1382,is_made_of_pottery,artifacts_only
1383,is_made_of_rubber,artifacts_only
1384,is_made_of_sand,artifacts_only
1385,is_made_of_silk,artifacts_only
1386,is_made_of_steel,artifacts_only
1387,is_made_of_textile,artifacts_only
1388,is_made_of_wood_or_metal,artifacts_only
1389,is_made_of_wool,artifacts_only
1390,is_manned,artifacts_only
1391,is_many_women's_nightmare,artifacts_only
1392,is_mediaeval,artifacts_only
1393,is_melodious,artifacts_only
1394,is_Mexican,artifacts_only
1395,is_modern,artifacts_only
1396,is_multifunctional,artifacts_only
1397,is_narrow,artifacts_only
1398,is_needed_to_weigh_ingredients,artifacts_only
1399,is_not_easy_to_come_by,artifacts_only
1400,is_not_edible,artifacts_only
1401,is_not_for_children,artifacts_only
1402,is_not_popular_among_many_people,artifacts_only
1403,is_not_sexy,artifacts_only
1404,is_not_waterproof,artifacts_only
1405,is_not_worn_in_the_summer,artifacts_only
1406,is_odourless,artifacts_only
1407,is_of_American_origin,artifacts_only
1408,is_often_belated,artifacts_only
1409,is_often_decorative,artifacts_only
1410,is_often_hot_inside,artifacts_only
1411,is_often_indispensable,artifacts_only
1412,is_old-fashioned,artifacts_only
1413,is_out_of_fashion,artifacts_only
1414,is_oval,artifacts_only
1415,is_painted,artifacts_only
1416,is_part_of_a_company,artifacts_only
1417,is_part_of_a_drumset,artifacts_only
1418,is_part_of_percussion,artifacts_only
1419,is_part_of_the_cutlery,artifacts_only
1420,is_part_of_the_ear,artifacts_only
1421,is_part_of_the_turtle,artifacts_only
1422,is_played_by_a_drummer,artifacts_only
1423,is_played_by_an_organist,artifacts_only
1424,is_played_during_concerts,artifacts_only
1425,is_played_while_sitting,artifacts_only
1426,is_played_while_standing,artifacts_only
1427,is_played_with_a_plectrum,artifacts_only
1428,is_pleasant,artifacts_only
1429,is_pleasant.1,artifacts_only
1430,is_pliable,artifacts_only
1431,is_polluting,artifacts_only
1432,is_popular__,artifacts_only
1433,is_popular_in_the_Netherlands,artifacts_only
1434,is_powerful,artifacts_only
1435,is_primitive,artifacts_only
1436,is_put_in_the_mouth,artifacts_only
1437,is_put_on_the_fire,artifacts_only
1438,is_rectangular,artifacts_only
1439,is_refreshing_in_the_summer,artifacts_only
1440,is_related_to_a_guitar,artifacts_only
1441,is_related_to_the_violin,artifacts_only
1442,is_relaxing,artifacts_only
1443,is_romantic,artifacts_only
1444,is_sexy,artifacts_only
1445,is_sharp,artifacts_only
1446,is_short,artifacts_only
1447,is_silver-coloured,artifacts_only
1448,is_slower_than_a_car,artifacts_only
1449,is_smaller_than_a_lorry,artifacts_only
1450,is_smaller_than_a_soup_spoon,artifacts_only
1451,is_soft,artifacts_only
1452,is_sold_in_a_hardware_store,artifacts_only
1453,is_sold_in_Brico_(particular_hardware_store),artifacts_only
1454,is_sometimes_made_of_cork,artifacts_only
1455,is_southern,artifacts_only
1456,is_spherical,artifacts_only
1457,is_square,artifacts_only
1458,is_stainless,artifacts_only
1459,is_stored_in_a_box,artifacts_only
1460,is_straight,artifacts_only
1461,is_striped,artifacts_only
1462,is_synthetic,artifacts_only
1463,is_tall,artifacts_only
1464,is_thick,artifacts_only
1465,is_thin,artifacts_only
1466,is_thrown,artifacts_only
1467,is_tight,artifacts_only
1468,is_tight_around_the_body,artifacts_only
1469,is_tiring_to_use,artifacts_only
1470,is_to_be_used_outside,artifacts_only
1471,is_transparent,artifacts_only
1472,is_triangular,artifacts_only
1473,is_trimmed_with_lace,artifacts_only
1474,is_trown_away,artifacts_only
1475,is_underwear,artifacts_only
1476,is_unwieldy,artifacts_only
1477,is_used_in_combination_with_other_instruments,artifacts_only
1478,is_used_to_beat_on,artifacts_only
1479,is_used_to_beat_with,artifacts_only
1480,is_used_to_box,artifacts_only
1481,is_used_to_chafe,artifacts_only
1482,is_used_to_chop_wood,artifacts_only
1483,is_used_to_cover_yourself,artifacts_only
1484,is_used_to_cut,artifacts_only
1485,is_used_to_cut_things_in_two,artifacts_only
1486,is_used_to_drive,artifacts_only
1487,is_used_to_fill_up_holes,artifacts_only
1488,is_used_to_grind_things,artifacts_only
1489,is_used_to_hang_something_on,artifacts_only
1490,is_used_to_hang_things_on_the_wall,artifacts_only
1491,is_used_to_keep_up_your_pants,artifacts_only
1492,is_used_to_keep_you_warm,artifacts_only
1493,is_used_to_keep_your_hands_warm,artifacts_only
1494,is_used_to_make_a_(tree)_cabin,artifacts_only
1495,is_used_to_mow_the_grass,artifacts_only
1496,is_used_to_plough_the_land,artifacts_only
1497,is_used_to_protect_you,artifacts_only
1498,is_used_to_shoot,artifacts_only
1499,is_used_to_spread_(butter_bread),artifacts_only
1500,is_used_to_support_the_breasts,artifacts_only
1501,is_useful,artifacts_only
1502,is_useful_in_a_forest,artifacts_only
1503,is_violent,artifacts_only
1504,is_warm,artifacts_only
1505,is_warm_in_winter,artifacts_only
1506,is_waterproof,artifacts_only
1507,is_wide,artifacts_only
1508,is_worn_around_the_shoulders,artifacts_only
1509,is_worn_around_your_neck,artifacts_only
1510,is_worn_at_night,artifacts_only
1511,is_worn_at_special_occasions,artifacts_only
1512,is_worn_by_cowboys,artifacts_only
1513,is_worn_by_sportsmen,artifacts_only
1514,is_worn_during_the_summer,artifacts_only
1515,is_worn_during_the_winter,artifacts_only
1516,is_worn_every_day,artifacts_only
1517,is_worn_if_it's_cold,artifacts_only
1518,is_worn_if_it's_warm,artifacts_only
1519,is_worn_on_the_upper_part_of_your_body,artifacts_only
1520,is_worn_on_top_of_a_T-shirt,artifacts_only
1521,is_worn_on_your_feet,artifacts_only
1522,is_worn_on_your_hands,artifacts_only
1523,is_worn_on_your_head,artifacts_only
1524,is_worn_on_your_legs,artifacts_only
1525,is_worn_to_go_for_a_run,artifacts_only
1526,is_worn_to_go_skiing,artifacts_only
1527,is_worn_to_sleep,artifacts_only
1528,is_worn_to_swim,artifacts_only
1529,is_worn_to_work,artifacts_only
1530,is_worn_under_a_skirt,artifacts_only
1531,is_worn_under_a_sweater,artifacts_only
1532,is_worn_with_a_suit,artifacts_only
1533,is_yellow,artifacts_only
1534,it_has_screws_in_it,artifacts_only
1535,it_is_absorbent,artifacts_only
1536,its_vibrations_produce_sounds,artifacts_only
1537,Jo_with_the_banjo,artifacts_only
1538,keeps_your_feet_warm,artifacts_only
1539,keeps_your_head_warm,artifacts_only
1540,lasts_long,artifacts_only
1541,leaves_from_airport,artifacts_only
1542,leaves_wood_shavings,artifacts_only
1543,lies_in_a_drawer,artifacts_only
1544,lies_in_a_garden_house,artifacts_only
1545,lies_in_the_cupboard,artifacts_only
1546,lies_left_to_plate,artifacts_only
1547,lies_next_to_plate,artifacts_only
1548,lies_on_a_roof,artifacts_only
1549,lived_in_by_gipsies,artifacts_only
1550,located_under_a_glass,artifacts_only
1551,looks_sportive,artifacts_only
1552,looks_tough,artifacts_only
1553,made_of_fibres,artifacts_only
1554,made_of_metal,artifacts_only
1555,made_of_plastic,artifacts_only
1556,made_of_stone,artifacts_only
1557,made_of_synthetic_material,artifacts_only
1558,made_of_wood,artifacts_only
1559,made_of_wood_and_metal,artifacts_only
1560,makes_a_bass_noise,artifacts_only
1561,makes_a_buzzing_sound,artifacts_only
1562,makes_a_gurgling_sound,artifacts_only
1563,makes_a_humming_sound,artifacts_only
1564,makes_a_humming_sound.1,artifacts_only
1565,makes_a_nice_sound/noise,artifacts_only
1566,makes_a_peeping_sound,artifacts_only
1567,makes_a_piercing_noise,artifacts_only
1568,makes_a_special_noise,artifacts_only
1569,makes_catching_things_easier,artifacts_only
1570,makes_old_bread_tasteful_again,artifacts_only
1571,makes_peacefull_music,artifacts_only
1572,manned_by_astronauts,artifacts_only
1573,means_residential_area_when_in_a_compound_with_'built',artifacts_only
1574,men_think_it_is_sexy,artifacts_only
1575,mirrors,artifacts_only
1576,most_of_the_time_is_filled_completely,artifacts_only
1577,moves/sails_on_the_sea_or_on_another_water,artifacts_only
1578,moves/sails_on_the_water,artifacts_only
1579,moves/sails_under_water,artifacts_only
1580,needs_to_be_cleaned_after_use,artifacts_only
1581,needs_to_be_cleaned_sometimes,artifacts_only
1582,needs_to_be_filled,artifacts_only
1583,needs_to_be_supported,artifacts_only
1584,needs_to_be_washed,artifacts_only
1585,needs_to_be_washed_in_water_of_30_celcius,artifacts_only
1586,not_everyone_has_it,artifacts_only
1587,not_nice_to_use,artifacts_only
1588,not_used_much,artifacts_only
1589,occurs_in_a_choir,artifacts_only
1590,occurs_in_a_saying,artifacts_only
1591,occurs_in_comic_books,artifacts_only
1592,occurs_in_films,artifacts_only
1593,occurs_in_indian_culture,artifacts_only
1594,occurs_in_many_(music)bands,artifacts_only
1595,occurs_often_in_films,artifacts_only
1596,often_contains_plants,artifacts_only
1597,often_covered_with_grafitti,artifacts_only
1598,often_found_to_be_frightening,artifacts_only
1599,often_played_in_a_church,artifacts_only
1600,often_robbed,artifacts_only
1601,often_seen_at_the_coast,artifacts_only
1602,often_seen_in_beauty_parlors,artifacts_only
1603,often_stolen,artifacts_only
1604,often_used__,artifacts_only
1605,often_used_at_camp_sites,artifacts_only
1606,often_used_by_street_musicians,artifacts_only
1607,often_used_by_students,artifacts_only
1608,often_used_in_blues_music,artifacts_only
1609,oil_comes_out_of_it,artifacts_only
1610,one_can_drink_out_of_it,artifacts_only
1611,one_can_eat_out_of_it,artifacts_only
1612,one_can_lie_upon_it,artifacts_only
1613,one_has_to_learn_how_to_play,artifacts_only
1614,one_has_to_put_ground_coffeebeans_in_it,artifacts_only
1615,operated_by_a_pilot,artifacts_only
1616,originates_from_Scotland,artifacts_only
1617,pieces_of_bread_jump_out_of_it,artifacts_only
1618,placed_under_a_plate,artifacts_only
1619,played_by_a_musician,artifacts_only
1620,played_by_a_single_person,artifacts_only
1621,played_by_gipsies,artifacts_only
1622,played_by_men,artifacts_only
1623,played_by_Mozart,artifacts_only
1624,played_by_Toots_Tielemans,artifacts_only
1625,played_in_a_brass_band,artifacts_only
1626,played_seldomly,artifacts_only
1627,played_with_a_bow,artifacts_only
1628,played_with_a_stick_(sticks),artifacts_only
1629,played_with_the_fingers,artifacts_only
1630,played_with_the_hands,artifacts_only
1631,played_with_the_mouth,artifacts_only
1632,played_with_two_hands,artifacts_only
1633,polishes_things,artifacts_only
1634,pots_and_pans_are_put_on_it,artifacts_only
1635,predecessor_of_a_piano,artifacts_only
1636,prevents_being_naked,artifacts_only
1637,prevents_clothes_from_becoming_dirty,artifacts_only
1638,primarily_played_by_girls,artifacts_only
1639,produces_a_bang,artifacts_only
1640,produces_a_hole_in_the_wall,artifacts_only
1641,produces_a_lot_of_sound,artifacts_only
1642,produces_a_lot_of_wind,artifacts_only
1643,produces_an_irritating_noise,artifacts_only
1644,produces_different_sounds,artifacts_only
1645,produces_dust,artifacts_only
1646,produces_fumes,artifacts_only
1647,produces_high_pitched_sound,artifacts_only
1648,produces_music,artifacts_only
1649,produces_noise,artifacts_only
1650,produces_only_one_sound,artifacts_only
1651,produces_sound,artifacts_only
1652,produces_sparks,artifacts_only
1653,protects_against_the_cold,artifacts_only
1654,protects_against_the_rain,artifacts_only
1655,protects_against_the_sun,artifacts_only
1656,protects_against_the_wind,artifacts_only
1657,protects_your_ears_against_the_cold,artifacts_only
1658,protects_your_feet,artifacts_only
1659,pulled_by_horse_or_bullock,artifacts_only
1660,put_on_the_floor,artifacts_only
1661,put_on_the_table,artifacts_only
1662,reaches_till_the_knee,artifacts_only
1663,replaced_every_day,artifacts_only
1664,requires_a_belt_for_wearing_it,artifacts_only
1665,requires_a_special_drivers_licence,artifacts_only
1666,requires_much_practise,artifacts_only
1667,requires_safety_glasses,artifacts_only
1668,ressembles_a_bike,artifacts_only
1669,ressembles_a_piano,artifacts_only
1670,ressembles_a_ruler,artifacts_only
1671,ressembles_a_train,artifacts_only
1672,ribbed,artifacts_only
1673,rides_on_rails,artifacts_only
1674,rolls,artifacts_only
1675,sails,artifacts_only
1676,separates_liquid_from_solid_material,artifacts_only
1677,shines,artifacts_only
1678,shows_a_naked_belly,artifacts_only
1679,shrinks_when_washed,artifacts_only
1680,slides_from_slope,artifacts_only
1681,slides_on_snow,artifacts_only
1682,smells_like_coffee,artifacts_only
1683,smells_like_washing_powder,artifacts_only
1684,smells_neutral,artifacts_only
1685,smells_nice,artifacts_only
1686,sold_in_clothes_shops,artifacts_only
1687,sold_in_Gamma_(particular_hardware_store),artifacts_only
1688,sometimes_has_soil_sticking_to_it,artifacts_only
1689,sometimes_played_on_the_street,artifacts_only
1690,sometimes_used_to_accompany_voice,artifacts_only
1691,sometimes_used_to_pull_out_nails,artifacts_only
1692,sounds_fiercely,artifacts_only
1693,sounds_low,artifacts_only
1694,sounds_nasally,artifacts_only
1695,stands_up_straight,artifacts_only
1696,steered_by_a_captain,artifacts_only
1697,stops_at_fixed_stops_(fixed_places),artifacts_only
1698,stops_in_a_station,artifacts_only
1699,stored_in_the_cellar,artifacts_only
1700,subdivided_in_A-class_and_B-class,artifacts_only
1701,sucks_dust,artifacts_only
1702,takes_off_vertically,artifacts_only
1703,the_driver_is_very_vulnerable_on_the_road,artifacts_only
1704,the_driver_of_this_vehicle_is_behind_the_wheel_for_a_very_long_time,artifacts_only
1705,the_driver_wears_a_helmet,artifacts_only
1706,the_driver_wears_leather_clothes,artifacts_only
1707,the_size_is_indicated_by_numbers,artifacts_only
1708,there_is_a_lot_of_space_in_it,artifacts_only
1709,there_is_advertising_on_it,artifacts_only
1710,there_is_not_much_space,artifacts_only
1711,there_is_soup_in_it,artifacts_only
1712,to_empty_a_cook_pot,artifacts_only
1713,to_enlarge_ones_power,artifacts_only
1714,to_grate,artifacts_only
1715,to_grate_carrots,artifacts_only
1716,to_grate_cheese,artifacts_only
1717,to_grate_fruit,artifacts_only
1718,to_level_walls_and_ceilings,artifacts_only
1719,to_manifacture_stones,artifacts_only
1720,to_manifacture_wood,artifacts_only
1721,to_mine_gold,artifacts_only
1722,to_plaster_walls,artifacts_only
1723,to_polish_nails,artifacts_only
1724,to_span_nuts,artifacts_only
1725,transports_children,artifacts_only
1726,transports_goods,artifacts_only
1727,transports_illegal_immigrants,artifacts_only
1728,transports_persons,artifacts_only
1729,transports_persons_or_goods,artifacts_only
1730,turns_around,artifacts_only
1731,used_after_washing,artifacts_only
1732,used_as_a_dose_measure,artifacts_only
1733,used_as_a_toy,artifacts_only
1734,used_as_accessory,artifacts_only
1735,used_as_decoration,artifacts_only
1736,used_at_a_ramp,artifacts_only
1737,used_at_farms,artifacts_only
1738,used_at_parties,artifacts_only
1739,used_at_the_scouts,artifacts_only
1740,used_at_the_table,artifacts_only
1741,used_by_a_plasterer,artifacts_only
1742,used_by_a_police_officer,artifacts_only
1743,used_by_a_witch,artifacts_only
1744,used_by_artists,artifacts_only
1745,used_by_boys,artifacts_only
1746,used_by_burglars,artifacts_only
1747,used_by_carpenters,artifacts_only
1748,used_by_carpenters.1,artifacts_only
1749,used_by_children,artifacts_only
1750,used_by_cooks,artifacts_only
1751,used_by_cowboys,artifacts_only
1752,used_by_criminals,artifacts_only
1753,used_by_crooks,artifacts_only
1754,used_by_Dennis_The_Menace,artifacts_only
1755,used_by_doctors,artifacts_only
1756,used_by_dogs,artifacts_only
1757,used_by_everybody,artifacts_only
1758,used_by_farmers,artifacts_only
1759,used_by_firemen,artifacts_only
1760,used_by_handymen,artifacts_only
1761,used_by_indians,artifacts_only
1762,used_by_knights,artifacts_only
1763,used_by_lumber_jackers,artifacts_only
1764,used_by_mechanics,artifacts_only
1765,used_by_men,artifacts_only
1766,used_by_mothers,artifacts_only
1767,used_by_painters,artifacts_only
1768,used_by_pirates,artifacts_only
1769,used_by_police_men,artifacts_only
1770,used_by_referees,artifacts_only
1771,used_by_rich_persons,artifacts_only
1772,used_by_Robin_Hood,artifacts_only
1773,used_by_Santa,artifacts_only
1774,used_by_sculptors,artifacts_only
1775,used_by_smiths,artifacts_only
1776,used_by_soldiers,artifacts_only
1777,used_by_strong_men,artifacts_only
1778,used_by_the_handyman,artifacts_only
1779,used_by_tradesmen,artifacts_only
1780,used_by_work_forces,artifacts_only
1781,used_by_workers,artifacts_only
1782,used_by_young_people,artifacts_only
1783,used_daily,artifacts_only
1784,used_during_war,artifacts_only
1785,used_for_a_wedding,artifacts_only
1786,used_for_cleaning,artifacts_only
1787,used_for_cleansing,artifacts_only
1788,used_for_competitions,artifacts_only
1789,used_for_cooking,artifacts_only
1790,used_for_cutting_meat,artifacts_only
1791,used_for_draining,artifacts_only
1792,used_for_fishing,artifacts_only
1793,used_for_grinding,artifacts_only
1794,used_for_hold-ups,artifacts_only
1795,used_for_horse_riding,artifacts_only
1796,used_for_lifting_heavy_objects,artifacts_only
1797,used_for_long_distances,artifacts_only
1798,used_for_making_pasta,artifacts_only
1799,used_for_manicure,artifacts_only
1800,used_for_murding,artifacts_only
1801,used_for_oiling,artifacts_only
1802,used_for_punishing,artifacts_only
1803,used_for_racing,artifacts_only
1804,used_for_research,artifacts_only
1805,used_for_rock_music,artifacts_only
1806,used_for_sado_masochism,artifacts_only
1807,used_for_safari,artifacts_only
1808,used_for_school,artifacts_only
1809,used_for_short_distances,artifacts_only
1810,used_for_shoveling,artifacts_only
1811,used_for_spaghetti,artifacts_only
1812,used_for_spear_trowing,artifacts_only
1813,used_for_stabbing,artifacts_only
1814,used_for_sunbathing,artifacts_only
1815,used_for_taming,artifacts_only
1816,used_for_tinkering,artifacts_only
1817,used_for_torturing,artifacts_only
1818,used_for_traveling,artifacts_only
1819,used_for_windows,artifacts_only
1820,used_in_a_fight,artifacts_only
1821,used_in_a_restaurant,artifacts_only
1822,used_in_autumn,artifacts_only
1823,used_in_baseball,artifacts_only
1824,used_in_class_rooms,artifacts_only
1825,used_in_combination_with_a_hamer,artifacts_only
1826,used_in_construction,artifacts_only
1827,used_in_different_cultures,artifacts_only
1828,used_in_farming,artifacts_only
1829,used_in_folk_dance,artifacts_only
1830,used_in_folk_music,artifacts_only
1831,used_in_folk_music.1,artifacts_only
1832,used_in_games,artifacts_only
1833,used_in_jazz_music,artifacts_only
1834,used_in_many_different_musical_styles,artifacts_only
1835,used_in_pop_music,artifacts_only
1836,used_in_rescue_operations,artifacts_only
1837,used_in_sports,artifacts_only
1838,used_in_summer,artifacts_only
1839,used_in_the_army,artifacts_only
1840,used_in_the_bathroom,artifacts_only
1841,used_in_the_garden,artifacts_only
1842,used_in_the_house,artifacts_only
1843,used_in_the_kitchen,artifacts_only
1844,used_in_the_Mass,artifacts_only
1845,used_in_the_Middle_Ages,artifacts_only
1846,used_in_the_sandbox,artifacts_only
1847,used_in_the_snow,artifacts_only
1848,used_in_traditional_music,artifacts_only
1849,used_in_water,artifacts_only
1850,used_in_winter,artifacts_only
1851,used_on_a_yard,artifacts_only
1852,used_on_vacation,artifacts_only
1853,used_solo,artifacts_only
1854,used_to_announce_something,artifacts_only
1855,used_to_attach_things,artifacts_only
1856,used_to_bake,artifacts_only
1857,used_to_beat,artifacts_only
1858,used_to_blend_things,artifacts_only
1859,used_to_check_whether_something_has_a_straight_edge,artifacts_only
1860,used_to_chop_trees,artifacts_only
1861,used_to_climb,artifacts_only
1862,used_to_cook_good_food_in,artifacts_only
1863,used_to_crack_nuts,artifacts_only
1864,used_to_cultivate_the_soil,artifacts_only
1865,used_to_cut_hair,artifacts_only
1866,used_to_cut_paper,artifacts_only
1867,used_to_detach_something,artifacts_only
1868,used_to_dig,artifacts_only
1869,used_to_do_the_dishes,artifacts_only
1870,used_to_dry_things_with,artifacts_only
1871,used_to_eat_corn_flakes,artifacts_only
1872,used_to_eat_with,artifacts_only
1873,used_to_eat_yoghurt,artifacts_only
1874,used_to_file_iron,artifacts_only
1875,used_to_fly_to_the_moon,artifacts_only
1876,used_to_go_somewhere_invisibly,artifacts_only
1877,used_to_go_walking,artifacts_only
1878,used_to_grasp_something,artifacts_only
1879,used_to_guide_traffic,artifacts_only
1880,used_to_hack,artifacts_only
1881,used_to_hunt,artifacts_only
1882,used_to_keep_food_cool,artifacts_only
1883,used_to_launch_something,artifacts_only
1884,used_to_look_nicer,artifacts_only
1885,used_to_make_coffee,artifacts_only
1886,used_to_make_pancakes,artifacts_only
1887,used_to_make_sand_castles,artifacts_only
1888,used_to_make_sauces,artifacts_only
1889,used_to_make_soup,artifacts_only
1890,used_to_make_war,artifacts_only
1891,used_to_mix_food,artifacts_only
1892,used_to_open_a_can/tin,artifacts_only
1893,used_to_open_things,artifacts_only
1894,used_to_paint,artifacts_only
1895,used_to_protect_the_table,artifacts_only
1896,used_to_put_something_warm_on,artifacts_only
1897,used_to_put_sugar_in_coffee,artifacts_only
1898,used_to_run_on_steam,artifacts_only
1899,used_to_saw_something_in_two,artifacts_only
1900,used_to_smeer_bread,artifacts_only
1901,used_to_sow,artifacts_only
1902,used_to_stick_wood_together,artifacts_only
1903,used_to_store_food,artifacts_only
1904,used_to_store_things,artifacts_only
1905,used_to_toast_bread,artifacts_only
1906,used_to_travel_around_the_world,artifacts_only
1907,used_to_travel_to_other_planets,artifacts_only
1908,used_to_turn_over/spade_the_ground,artifacts_only
1909,used_to_warm_things_up,artifacts_only
1910,used_to_weigh_things,artifacts_only
1911,used_to_work_in_the_garden,artifacts_only
1912,used_to_work_with,artifacts_only
1913,used_together_with_knife,artifacts_only
1914,used_when_you_bake_cake,artifacts_only
1915,used_when_you_drink_tea,artifacts_only
1916,used_when_you_eat_soup,artifacts_only
1917,used_with_arrows,artifacts_only
1918,used_with_your_hands,artifacts_only
1919,uses_a_license,artifacts_only
1920,uses_fuel,artifacts_only
1921,uses_gas,artifacts_only
1922,uses_gunpowder,artifacts_only
1923,uses_kerosine,artifacts_only
1924,using_it_gives_you_a_kick,artifacts_only
1925,using_it_is_fun,artifacts_only
1926,usually_drives_on_the_right_side_of_a_highway,artifacts_only
1927,usually_has_a_cruise_control_system_(auto-pilot),artifacts_only
1928,usually_used_in_the_morning,artifacts_only
1929,vibrates,artifacts_only
1930,was_used_in_early_ages,artifacts_only
1931,was_used_in_mines,artifacts_only
1932,was_used_in_the_past,artifacts_only
1933,was_worn_especially_in_the_past,artifacts_only
1934,water_permeable,artifacts_only
1935,wearing_a_helmet_is_obligatory,artifacts_only
1936,weighs_much,artifacts_only
1937,whistles_when_water_boils,artifacts_only
1938,works_fast,artifacts_only
1939,works_on_batteries,artifacts_only
1940,works_on_electricity,artifacts_only
1941,works_on_petrol,artifacts_only
1942,works_with_a_hinge,artifacts_only
1943,works_with_a_pump,artifacts_only
1944,works_with_a_shove_system,artifacts_only
1945,works_with_air,artifacts_only
1946,worn_as_free_time_clothes,artifacts_only
1947,worn_at_parties,artifacts_only
1948,worn_by_a_boxer,artifacts_only
1949,worn_by_boys,artifacts_only
1950,worn_by_business_people,artifacts_only
1951,worn_by_girls,artifacts_only
1952,worn_by_kids,artifacts_only
1953,worn_by_men,artifacts_only
1954,worn_by_people,artifacts_only
1955,worn_by_the_elderly,artifacts_only
1956,worn_by_transvestites,artifacts_only
1957,worn_by_women,artifacts_only
1958,worn_by_young_people,artifacts_only
1959,worn_during_sports,artifacts_only
1960,worn_often,artifacts_only
1961,worn_often_on_beaches,artifacts_only
1962,worn_on_gala_balls,artifacts_only
1963,worn_with_a_suit,artifacts_only
1964,worn_with_assorted_shawl,artifacts_only
1965,you_can_also_make_ornaments_with_it,artifacts_only
1966,you_can_bust_things_with_it,artifacts_only
1967,you_can_do_tricks_with_it,artifacts_only
1968,you_can_drill_holes_with_it,artifacts_only
1969,you_can_eat_desserts_with_it,artifacts_only
1970,you_can_fall_with_it,artifacts_only
1971,you_can_get_injured_by_it,artifacts_only
1972,you_can_get_sick_on_it,artifacts_only
1973,you_can_injure_someone_with_it,artifacts_only
1974,you_can_kill_someone_with_it,artifacts_only
1975,you_can_learn_it_in_a_school_of_music,artifacts_only
1976,you_can_live_in_it,artifacts_only
1977,you_can_make_dough_with_it,artifacts_only
1978,you_can_make_things_with_it,artifacts_only
1979,you_can_order_it_by_calling_it,artifacts_only
1980,you_can_play_different_notes_whit_it,artifacts_only
1981,you_can_play_songs_on_it,artifacts_only
1982,you_can_play_tug-of-war_with_it,artifacts_only
1983,you_can_play_with_it,artifacts_only
1984,you_can_pull_it_(open)_and_push_it,artifacts_only
1985,you_can_put_a_belt_in_it,artifacts_only
1986,you_can_put_flowers_in_it,artifacts_only
1987,you_can_repair_with_it,artifacts_only
1988,you_can_scour_stuff_off_with_it,artifacts_only
1989,you_can_see_it_in_big_cities,artifacts_only
1990,you_can_see_it_in_Bruge,artifacts_only
1991,you_can_see_it_in_the_sea,artifacts_only
1992,you_can_sift_flour_with_it,artifacts_only
1993,you_can_tie_a_knot_in_it,artifacts_only
1994,you_can_tie_things_down_with_it,artifacts_only
1995,you_can_transport_things_with_it,artifacts_only
1996,you_don't_have_to_peddle,artifacts_only
1997,you_don't_see_it_frequently,artifacts_only
1998,you_especially_see_it_at_night,artifacts_only
1999,you_especially_see_it_in_the_city,artifacts_only
2000,you_have_to_be_able_to_read_notes_for_it,artifacts_only
2001,you_have_to_be_strong_to_use_it,artifacts_only
2002,you_have_to_blow_on_it,artifacts_only
2003,you_have_to_have_good_lungs,artifacts_only
2004,you_have_to_hold_it_diagonally,artifacts_only
2005,you_have_to_pay_for_it,artifacts_only
2006,you_have_to_peddle,artifacts_only
2007,you_have_to_place_it_to_your_lips,artifacts_only
2008,you_have_to_push_it_forward,artifacts_only
2009,you_have_to_push_with_1_foot_to_get_ahead,artifacts_only
2010,you_have_to_read_music-scores,artifacts_only
2011,you_have_to_sit,artifacts_only
2012,you_have_to_stand_up,artifacts_only
2013,you_need_much_breath_for_this,artifacts_only
2014,you_play_chords_on_it,artifacts_only
2015,you_play_musical_notes_on_it,artifacts_only
2016,you_play_rhythms_on_it,artifacts_only
2017,you_put_butter_in_it,artifacts_only
2018,you_put_oil_in_it,artifacts_only
2019,you_ride_it_on_the_cycle_path,artifacts_only
2020,you_roast_meat_in_it,artifacts_only
2021,you_use_it_when_bricklaying,artifacts_only
2022,you_wear_it_in_your_shoes,artifacts_only
2023,you_wear_it_with_a_tie,artifacts_only
2024,you're_sitting_higher_in_it_than_in_a_car,artifacts_only
2025,you're_standing_with_1_leg_on_the_board,artifacts_only
